Headline,Source,Link
Is Apple (AAPL) Among the Stocks ChatGPT Predicts Could Make You Wealthy in 10...,Insider Monkey ·  via Yahoo Finance,https://finance.yahoo.com/news/apple-aapl-among-stocks-chatgpt-211040364.html?fr=sycsrp_catchall
Apple (AAPL) Brings Kim Vorrath on Board to Tackle AI Challenges and Boost Siri,GuruFocus.com ·  via Yahoo Finance,https://finance.yahoo.com/news/apple-aapl-brings-kim-vorrath-173900201.html?fr=sycsrp_catchall
Why Apple (AAPL) Shares Are Trading Lower Today,StockStory ·  via Yahoo Finance,https://finance.yahoo.com/news/why-apple-aapl-shares-trading-165707958.html?fr=sycsrp_catchall
Is Apple Inc. (AAPL) the Best Dow Stock to Buy Right Now?,Insider Monkey ·  via Yahoo Finance,https://finance.yahoo.com/news/apple-inc-aapl-best-dow-122813366.html?fr=sycsrp_catchall
"Apple Faces Challenges in 2025, but Q1 Earnings Likely to Beat Estimates",GuruFocus.com ·  via Yahoo Finance,https://finance.yahoo.com/news/apple-faces-challenges-2025-q1-171155491.html?fr=sycsrp_catchall
What Analysts Expect from Apple's Q1 2025 Earnings Report,GuruFocus.com ·  via Yahoo Finance,https://finance.yahoo.com/news/analysts-expect-apples-q1-2025-170017716.html?fr=sycsrp_catchall
Why Apple Fell Even as the Market Rallied Today,Motley Fool ·  via Yahoo Finance,https://finance.yahoo.com/news/why-apple-fell-even-market-184409921.html?fr=sycsrp_catchall
Is Apple Inc. (AAPL) Among Billionaire Dan Loeb’s Top Stock Picks?,Insider Monkey ·  via Yahoo Finance,https://finance.yahoo.com/news/apple-inc-aapl-among-billionaire-195410392.html?fr=sycsrp_catchall
Apple's Earnings Strength Keeps BofA Bullish Despite iPhone Concerns,GuruFocus.com ·  via Yahoo Finance,https://finance.yahoo.com/news/apples-earnings-strength-keeps-bofa-150804930.html?fr=sycsrp_catchall
Mag 7 Earnings On Deck: A Closer Look,Zacks ·  via Yahoo Finance,https://finance.yahoo.com/news/mag-7-earnings-deck-closer-003600035.html?fr=sycsrp_catchall
